url,name,price
/jn/e35ece6631c434b7x.htm#fr_page=list&fr_pos=city&fr_no=0,丰田 YARiS L 致享 2019款 1.5E CVT魅动版 国VI,7.26
/jn/64cc08a8af9a9d23x.htm#fr_page=list&fr_pos=city&fr_no=1,本田 飞度 2016款 1.5L LXS CVT舒适天窗版,6.70
/jn/64657411e4b75338x.htm#fr_page=list&fr_pos=city&fr_no=2,宝骏510 2017款 1.5L 手动舒适型,4.10
/jn/b48e1989b0e43142x.htm#fr_page=list&fr_pos=city&fr_no=3,大众 迈腾 2015款 1.8TSI 豪华型,12.56
/jn/365e9a94ac92c415x.htm#fr_page=list&fr_pos=city&fr_no=4,斯柯达 晶锐 2017款 1.4L 自动车享版,5.86
/jn/aa547a7606186e48x.htm#fr_page=list&fr_pos=city&fr_no=5,大众 朗逸 2015款 1.6L 手动风尚版,6.05
/jn/4f11f9c4ec5d8a10x.htm#fr_page=list&fr_pos=city&fr_no=6,宝骏510 2017款 1.5L 自动时尚型,5.40
/jn/045ad38657385a7ex.htm#fr_page=list&fr_pos=city&fr_no=7,本田CR-V 2016款 2.0L 两驱都市版,14.88
/jn/c1b068af53868792x.htm#fr_page=list&fr_pos=city&fr_no=8,起亚K2 2015款 三厢 1.4L MT GLS,4.42
/jn/8426a94279d040f8x.htm#fr_page=list&fr_pos=city&fr_no=9,宝骏310 2016款 1.2L 手动豪华型,3.35
/jn/b63142672b3ca1f9x.htm#fr_page=list&fr_pos=city&fr_no=10,雪佛兰 科鲁兹 2015款 1.5L 经典 SL MT,4.75
/jn/c5613f72d4a6ee8dx.htm#fr_page=list&fr_pos=city&fr_no=11,斯柯达 明锐 2017款 1.6L 自动智行版,8.73
/jn/43e6be94b97993a6x.htm#fr_page=list&fr_pos=city&fr_no=12,别克 凯越 2015款 1.5L 自动经典型,5.01
/jn/edf6a3d684c19146x.htm#fr_page=list&fr_pos=city&fr_no=13,斯柯达 明锐 2014款 1.6L 手动逸杰版,4.65
/jn/30859e028bff02f9x.htm#fr_page=list&fr_pos=city&fr_no=14,大众 速腾 2015款 1.6L 自动舒适型,8.64
/jn/1aa46f352de40ce4x.htm#fr_page=list&fr_pos=city&fr_no=15,日产 天籁 2013款 2.0L XL舒适版,10.51
/jn/ece5d5ad2b0de97fx.htm#fr_page=list&fr_pos=city&fr_no=16,凯迪拉克ATS-L 2014款 25T 舒适型,14.23
/jn/ccdf2c13f7c74074x.htm#fr_page=list&fr_pos=city&fr_no=0,雪佛兰 科鲁兹 2011款 1.6L SL MT,2.98
/jn/5bdb91acec0cb5c5x.htm#fr_page=list&fr_pos=city&fr_no=17,大众POLO 2011款 1.4L 手动致乐版,3.06
/jn/252574652565fc36x.htm#fr_page=list&fr_pos=city&fr_no=18,林肯MKX 2018款 2.0T 两驱尊享版,25.86
/jn/221c01fe76d9a156x.htm#fr_page=list&fr_pos=city&fr_no=19,现代ix25 2015款 1.6L 自动两驱智能型GLS,7.35
/jn/0ffe72ed766d9e66x.htm#fr_page=list&fr_pos=city&fr_no=20,日产 轩逸 2012款 1.6XL 手动豪华版,5.77
/jn/7fc1302a8989df00x.htm#fr_page=list&fr_pos=city&fr_no=21,雪佛兰 迈锐宝 2014款 2.4L 自动豪华版,8.19
/jn/4e5bd8e8380ca314x.htm#fr_page=list&fr_pos=city&fr_no=22,捷豹XJ 2016款 XJL 2.0T 两驱典雅商务版,33.30
/jn/13df76cbcd4da504x.htm#fr_page=list&fr_pos=city&fr_no=23,捷豹XJ 2013款 XJL 2.0T 典雅商务版,27.72
/jn/30b8298486062611x.htm#fr_page=list&fr_pos=city&fr_no=24,起亚KX3 2017款 1.6L 自动傲雅15周年特别版,7.35
/jn/b6a1ef7f44c8bf29x.htm#fr_page=list&fr_pos=city&fr_no=0,纳智捷 大7 MPV 2016款 2.0T 舒享型,6.98
/jn/2cefdb824f0fe80fx.htm#fr_page=list&fr_pos=city&fr_no=1,起亚 智跑 2018款 2.0L 自动智享豪华版 国V,10.89
/jn/07d9db6679270f23x.htm#fr_page=list&fr_pos=city&fr_no=2,长安 逸动 2015款 XT 1.6L 自动俊酷型 国V,4.64
/jn/02b0bcd371bff502x.htm#fr_page=list&fr_pos=city&fr_no=3,别克 英朗 2015款 15N 自动豪华型,6.30
/jn/109643a2b6f89284x.htm#fr_page=list&fr_pos=city&fr_no=4,本田 飞度 2014款 1.5L LX CVT舒适型,6.03
/jn/61852cedfb9a3319x.htm#fr_page=list&fr_pos=city&fr_no=5,本田XR-V 2015款 1.8L EXi  CVT舒适版,10.04
/jn/b827a1920f62b078x.htm#fr_page=list&fr_pos=city&fr_no=6,丰田 YARiS L 致炫 2016款 改款 1.5E CVT魅动版,6.50
/jn/5ecd13d18cacfeafx.htm#fr_page=list&fr_pos=city&fr_no=7,本田 飞度 2018款 1.5L CVT舒适天窗版,7.98
/jn/1556740874ce834cx.htm#fr_page=list&fr_pos=city&fr_no=8,本田 飞度 2014款 1.5L LX CVT舒适型,5.49
/jn/d62b15b1ad883bcax.htm#fr_page=list&fr_pos=city&fr_no=25,现代 全新胜达 2017款 2.0T 自动四驱智能型 7座,14.77
/jn/b53349982b1bda5bx.htm#fr_page=list&fr_pos=city&fr_no=26,Jeep 指南者 2017款 200T 自动驭享版,10.50
/jn/ecce2f4c73d4ce91x.htm#fr_page=list&fr_pos=city&fr_no=27,本田 奥德赛 2015款 2.4L 至尊版,18.12
/jn/7a49e269a62365dcx.htm#fr_page=list&fr_pos=city&fr_no=28,大众 高尔夫 2018款 230TSI 自动豪华型,11.91
/jn/f8ec3328620a3fd9x.htm#fr_page=list&fr_pos=city&fr_no=29,领克02 2018款 1.5T DCT两驱耀Pro版 国V,11.92
/jn/f08c0e95830638f9x.htm#fr_page=list&fr_pos=city&fr_no=30,大众POLO 2016款 1.4L 手动风尚型,5.06
/jn/c38622880d80b55cx.htm#fr_page=list&fr_pos=city&fr_no=31,本田 飞度 2014款 1.5L LX CVT舒适型,5.61
/jn/d982f565b65f5ffax.htm#fr_page=list&fr_pos=city&fr_no=32,丰田C-HR 2018款 2.0L 领先版 国V,12.08
/jn/71b45e3622a57889x.htm#fr_page=list&fr_pos=city&fr_no=1,起亚 焕驰 2017款 1.4L 手动智享版Value,4.26
/jn/bdecae0d6c7476dcx.htm#fr_page=list&fr_pos=city&fr_no=2,起亚 福瑞迪 2011款 1.6L AT Premium,3.54
/jn/a9843421af3b90d2x.htm#fr_page=list&fr_pos=city&fr_no=3,本田 思域 2016款 220TURBO CVT豪华版,10.89
/jn/cd6ba3236e43d64dx.htm#fr_page=list&fr_pos=city&fr_no=4,奔驰GLA级 2016款 GLA 200 动感型,17.21
/jn/45a3c2546868f30dx.htm#fr_page=list&fr_pos=city&fr_no=5,本田 飞度 2018款 1.5L CVT舒适版,7.91
/jn/39a1a26293660619x.htm#fr_page=list&fr_pos=city&fr_no=6,三菱 欧蓝德 2016款 2.4L 四驱豪华版 7座,13.94
/jn/710e299d202581f0x.htm#fr_page=list&fr_pos=city&fr_no=7,现代ix25 2015款 1.6L 自动两驱尊贵型DLX,7.86
/jn/56961737c80c07a9x.htm#fr_page=list&fr_pos=city&fr_no=8,丰田 RAV4 2016款 2.0L CVT两驱风尚版 国V,14.70
/jn/4adfa9adbe1cb849x.htm#fr_page=list&fr_pos=city&fr_no=9,东风风神AX7 2016款 2.0L 手动智悦型,5.64
/jn/0a3c2c6bd0d9a010x.htm#fr_page=list&fr_pos=city&fr_no=9,起亚K3 2016款 1.6L 自动GL,6.42
/jn/635c125631b09506x.htm#fr_page=list&fr_pos=city&fr_no=10,宝马3系 2016款 320Li 时尚型,19.53
/jn/dec34ca6ed8cbd2dx.htm#fr_page=list&fr_pos=city&fr_no=11,本田XR-V 2017款 1.8L EXi CVT舒适版,11.63
/jn/0c7c367392149a0fx.htm#fr_page=list&fr_pos=city&fr_no=12,纳智捷 大7 MPV 2016款 2.0T 舒享型,6.79
/jn/4049bb1d69499852x.htm#fr_page=list&fr_pos=city&fr_no=13,丰田 凯美瑞 2013款 200G 经典豪华版,10.96
/jn/b32e6ec7ba439b6bx.htm#fr_page=list&fr_pos=city&fr_no=14,奔驰A级 2015款 A 180 标准型(进口),11.97
/jn/408cdec9e51e08e7x.htm#fr_page=list&fr_pos=city&fr_no=15,丰田 奕泽IZOA 2018款 2.0L 奕驰版 国V,13.86
/jn/fbf09895ccb3f386x.htm#fr_page=list&fr_pos=city&fr_no=16,本田 飞度 2018款 1.5L CVT舒适版,7.35
/jn/1a5a20d34f5c2f34x.htm#fr_page=list&fr_pos=city&fr_no=33,别克 君越 2013款 2.4L SIDI领先舒适型,12.00
/jn/6cfe45eadc896537x.htm#fr_page=list&fr_pos=city&fr_no=34,宝马X3 2016款 xDrive20i M运动型(进口),30.20
/jn/0df658d7ee923316x.htm#fr_page=list&fr_pos=city&fr_no=35,丰田 卡罗拉 2016款 双擎 1.8L CVT旗舰版,10.98
/jn/c1e1e57b42862c0fx.htm#fr_page=list&fr_pos=city&fr_no=36,宝马X1 2015款 sDrive18i 时尚晋级版,16.60
/jn/f1bb8c71a8c3ddadx.htm#fr_page=list&fr_pos=city&fr_no=37,现代 领动 2018款 1.4T 双离合炫动·活力型,8.93
/jn/06c110f4c12809fex.htm#fr_page=list&fr_pos=city&fr_no=38,大众 宝来 2018款 1.5L 手动时尚型,7.07
/jn/5346f525b8cab23fx.htm#fr_page=list&fr_pos=city&fr_no=39,铃木 雨燕 2014款 1.3L 手动标准型,3.00
/jn/4d7fd4fa5114fadcx.htm#fr_page=list&fr_pos=city&fr_no=10,雪佛兰 科鲁兹 2013款 1.8L SE AT,5.21
/jn/34d02affd733e77ax.htm#fr_page=list&fr_pos=city&fr_no=11,现代 名图 2014款 1.8L 自动尊贵型DLX,8.00
/jn/80b3f18956274f18x.htm#fr_page=list&fr_pos=city&fr_no=12,本田XR-V 2017款 1.5L LXi CVT经典版,10.70
/jn/ec387a6e1e59a3e9x.htm#fr_page=list&fr_pos=city&fr_no=13,本田 飞度 2014款 1.5L LX CVT舒适型,5.85
/jn/aab11391ad0795d9x.htm#fr_page=list&fr_pos=city&fr_no=14,大众 朗逸 2013款 改款经典 1.6L 自动风尚版,6.98
/jn/c000cb2919be1e8ex.htm#fr_page=list&fr_pos=city&fr_no=15,现代ix25 2015款 1.6L 自动两驱智能型GLS,7.43
/jn/6817f770915e10f7x.htm#fr_page=list&fr_pos=city&fr_no=16,别克GL8 2014款 2.4L 舒适版,9.03
/jn/84220fdbfab121d5x.htm#fr_page=list&fr_pos=city&fr_no=17,丰田 RAV4 2015款 2.0L CVT两驱风尚版,11.94
/jn/699c572b7cdbb225x.htm#fr_page=list&fr_pos=city&fr_no=18,奔驰GLC级 2016款 GLC 300 4MATIC 动感型,30.51
/jn/2e47bca655f266b0x.htm#fr_page=list&fr_pos=city&fr_no=17,大众 蔚领 2018款 230TSI DSG舒适型,10.70
/jn/a59860e6a44b95d5x.htm#fr_page=list&fr_pos=city&fr_no=18,马自达CX-4 2016款 2.0L 自动两驱蓝天活力版,10.70
/jn/804a54fdc6bb8207x.htm#fr_page=list&fr_pos=city&fr_no=19,大众 高尔夫 2018款 1.6L 自动舒适型,10.14
/jn/e3f9a4c89f463224x.htm#fr_page=list&fr_pos=city&fr_no=20,奔驰CLA级 2017款 改款 CLA 200 时尚型(进口),21.77
/jn/558107c070f3d577x.htm#fr_page=list&fr_pos=city&fr_no=21,现代ix25 2015款 1.6L 自动两驱智能型GLS,8.46
/jn/17dbaf8434e2fc6ax.htm#fr_page=list&fr_pos=city&fr_no=22,别克GL8 2017款 25S 豪华型 国V,21.21
/jn/843d5eec4764062cx.htm#fr_page=list&fr_pos=city&fr_no=23,大众 高尔夫 2012款 1.6 手动时尚型,5.29
/jn/5dadc80d2b17db96x.htm#fr_page=list&fr_pos=city&fr_no=24,奔驰C级 2020款 C 260 L 运动版,29.30
/jn/d54c1f002d94dde8x.htm#fr_page=list&fr_pos=city&fr_no=19,福特 福克斯 2018款 两厢经典 1.6L 自动舒适型智行版,8.37
/jn/b398b4dd7442902ex.htm#fr_page=list&fr_pos=city&fr_no=20,Jeep 指南者 2014款 2.0L 两驱运动版(进口),8.93
/jn/c78b236560c3b520x.htm#fr_page=list&fr_pos=city&fr_no=21,丰田 YARiS L 致炫 2019款 1.5E CVT魅动版 国VI,7.26
/jn/da864578ce1b918ax.htm#fr_page=list&fr_pos=city&fr_no=22,斯柯达 晶锐 2017款 1.4L 自动车享版,6.50
/jn/a467a075c315219ax.htm#fr_page=list&fr_pos=city&fr_no=23,丰田 雷凌 2014款 1.6G CVT精英版,7.26
/jn/37996a14f1315188x.htm#fr_page=list&fr_pos=city&fr_no=24,大众 高尔夫 2016款 230TSI 自动舒适型,10.68
/jn/30533b914b375ddcx.htm#fr_page=list&fr_pos=city&fr_no=25,别克 英朗 2015款 15N 自动豪华型,7.34
/jn/7e1199b32b7a6dedx.htm#fr_page=list&fr_pos=city&fr_no=26,奥迪Q3 2015款 35 TFSI 舒适型,15.35
/jn/fc39e0c55ab2b393x.htm#fr_page=list&fr_pos=city&fr_no=25,哈弗H9 2015款 2.0T 四驱豪华型 7座,12.37
/jn/b7efa2d3d06ff29ax.htm#fr_page=list&fr_pos=city&fr_no=26,海马S5 2015款 1.5T CVT旗舰型,5.45
/jn/ade811df65f2376dx.htm#fr_page=list&fr_pos=city&fr_no=27,大众 凌渡 2017款 2.0T GTS,15.26
/jn/f5f6aca0b8631eecx.htm#fr_page=list&fr_pos=city&fr_no=28,大众 宝来 2017款 1.6L 自动舒适型,7.43
/jn/45d8487173b161a2x.htm#fr_page=list&fr_pos=city&fr_no=29,本田 雅阁 2016款 2.4L 智尊版,15.16
/jn/d5d49e176dd9c2a4x.htm#fr_page=list&fr_pos=city&fr_no=30,宝马2系旅行车 2016款 218i 运动设计套装,14.79
/jn/fd388a7da3a668a4x.htm#fr_page=list&fr_pos=city&fr_no=31,MINI 2016款 2.0T COOPER S,18.79
/jn/e70aefa186bc9117x.htm#fr_page=list&fr_pos=city&fr_no=32,大众POLO 2018款 1.5L 手动安驾型,5.49
/jn/31ebf876e28609f6x.htm#fr_page=list&fr_pos=city&fr_no=33,宝马2系 2015款 218i 敞篷轿跑车(进口),23.07
/jn/eae49661e8c22af4x.htm#fr_page=list&fr_pos=city&fr_no=27,起亚K3 2016款 1.6L 自动天窗版,6.70
/jn/a3b0d0e81cc6ca88x.htm#fr_page=list&fr_pos=city&fr_no=28,别克 君越 2010款 2.0T舒适版,6.68
/jn/007f3606b10d3b44x.htm#fr_page=list&fr_pos=city&fr_no=29,雪铁龙 爱丽舍 2015款 质尚版 1.6L 手动时尚型,4.23
/jn/925f1702d69c57a7x.htm#fr_page=list&fr_pos=city&fr_no=30,大众 桑塔纳 2016款 1.6L 手动风尚版,5.03
/jn/0bce785f782f8c43x.htm#fr_page=list&fr_pos=city&fr_no=31,丰田 威驰FS 2017款 1.5L CVT锋驰版,6.70
/jn/adad1161a26ba75ex.htm#fr_page=list&fr_pos=city&fr_no=32,现代 途胜 2015款 1.6T 双离合两驱智能型,10.12
/jn/249e2177a49fd0b2x.htm#fr_page=list&fr_pos=city&fr_no=33,丰田 卡罗拉 2011款 1.8L CVT GL-i,6.51
/jn/7f4aa2d40b2f484cx.htm#fr_page=list&fr_pos=city&fr_no=34,大众POLO 2018款 1.5L 自动安驾型,7.05
/jn/e7035eaff47b61abx.htm#fr_page=list&fr_pos=city&fr_no=34,凯迪拉克XTS 2017款 28T 技术型,17.95
/jn/9e31c5ec0aef8e6bx.htm#fr_page=list&fr_pos=city&fr_no=35,奔驰R级 2014款 R 320 4MATIC 商务型(进口),32.11
/jn/c5390b90e141e7afx.htm#fr_page=list&fr_pos=city&fr_no=36,凯迪拉克XT6 2019款 28T 四驱豪华型,35.62
/jn/996cc64d21f1063ex.htm#fr_page=list&fr_pos=city&fr_no=37,别克 威朗 2016款 两厢 15S 自动领先型,7.72
/jn/b4128dd1c97f147cx.htm#fr_page=list&fr_pos=city&fr_no=38,哈弗H6 2016款 升级版 1.5T 自动两驱精英型,6.21
/jn/c551db20cb2c5f99x.htm#fr_page=list&fr_pos=city&fr_no=39,福特 福睿斯 2015款 1.5L 自动舒适型,5.58
/jn/5d3ff62cb3a42ab2x.htm#fr_page=list&fr_pos=city&fr_no=35,雪佛兰 科沃兹 2018款 320 自动欣享天窗版,5.85
/jn/23be259c5f95130ex.htm#fr_page=list&fr_pos=city&fr_no=36,奔驰E级 2015款 改款 E 260 L 运动时尚型,26.79
/jn/af3eeb59bd90d018x.htm#fr_page=list&fr_pos=city&fr_no=37,奥迪A3 2016款 Limousine 35 TFSI 领英型,13.63
/jn/2ab231aca9304740x.htm#fr_page=list&fr_pos=city&fr_no=38,大众 捷达 2017款 1.5L 自动时尚型,6.77
/jn/486114ccfb9a572ex.htm#fr_page=list&fr_pos=city&fr_no=39,丰田 汉兰达 2009款 2.7L 两驱7座豪华版,11.72
/jn/598fc69546e42637x.htm#fr_page=list&fr_pos=city&fr_no=0,福特 蒙迪欧 2013款 1.5L GTDi180时尚型,10.70
/jn/c467eadb94c33073x.htm#fr_page=list&fr_pos=city&fr_no=1,日产 天籁 2015款 2.0L XL-Sporty欧冠运动版,10.51
/jn/f27552dd70b6edd5x.htm#fr_page=list&fr_pos=city&fr_no=2,大众 途观 2015款 1.8TSI 自动两驱舒适版,13.01
/jn/f6068e397ea3abc1x.htm#fr_page=list&fr_pos=city&fr_no=3,起亚K2 2015款 三厢 1.4L MT GLS,4.00
/jn/04a745af26c4c093x.htm#fr_page=list&fr_pos=city&fr_no=4,福特 福睿斯 2015款 1.5L 手动舒适型,4.75
/jn/d09ac2b7723cd0b6x.htm#fr_page=list&fr_pos=city&fr_no=5,福特 福克斯 2012款 三厢经典 1.8L 手动时尚型,3.35
/jn/67890bfbdee3ec17x.htm#fr_page=list&fr_pos=city&fr_no=6,本田 飞度 2014款 1.5L LX CVT舒适型,6.12
/jn/603cc5315bd8e102x.htm#fr_page=list&fr_pos=city&fr_no=7,大众 捷达 2013款 1.6L 自动时尚型,4.89
/jn/16fadd98ce625c36x.htm#fr_page=list&fr_pos=city&fr_no=8,马自达2 2012款 两厢炫动 1.5L 自动超值版,4.62
/jn/12c658b804e39487x.htm#fr_page=list&fr_pos=city&fr_no=9,别克GL8 2014款 2.4L 经典版,10.19
/jn/77feccc58b8814ecx.htm#fr_page=list&fr_pos=city&fr_no=10,大众 宝来 2016款 230TSI 手动舒适型,7.05
/jn/89d4d6543207bb23x.htm#fr_page=list&fr_pos=city&fr_no=11,本田 飞度 2018款 1.5L CVT舒适版,8.28
/jn/75a5dd6bdd49bf0ax.htm#fr_page=list&fr_pos=city&fr_no=12,奥迪Q7 2012款 3.0 TFSI 进取型(200kW)(进口),22.61
/jn/f9f2f622ce6987c1x.htm#fr_page=list&fr_pos=city&fr_no=13,本田 杰德 2014款 1.8L 自动舒适精英版 5座,8.19
/jn/ba738694809165b8x.htm#fr_page=list&fr_pos=city&fr_no=14,别克 威朗 2015款 三厢 20T 双离合领先型,7.15
/jn/2dba69e03609a8e0x.htm#fr_page=list&fr_pos=city&fr_no=15,大众 捷达 2019款 梦想版 1.5L 自动时尚型,7.07
/jn/afcf90cedf4c220fx.htm#fr_page=list&fr_pos=city&fr_no=16,大众 朗逸 2013款 改款经典 1.6L 自动风尚版,6.49
/jn/57d86831a178f57bx.htm#fr_page=list&fr_pos=city&fr_no=17,别克GL8 2013款 2.4L 经典版,7.35
/jn/7051157f415b6118x.htm#fr_page=list&fr_pos=city&fr_no=18,大众POLO 2011款 1.4L 自动致尚版,4.09
/jn/9e831a6f0148ddaex.htm#fr_page=list&fr_pos=city&fr_no=19,标致301 2014款 1.6L 手动舒适版,3.61
/jn/9d6316517bce43a0x.htm#fr_page=list&fr_pos=city&fr_no=20,起亚K3 2016款 1.4T 自动GLS,7.44
/jn/c4e5c1d66a5edc0cx.htm#fr_page=list&fr_pos=city&fr_no=21,现代 朗动 2015款 1.6L 手动领先型,5.29
/jn/8eb068c2d34acb8cx.htm#fr_page=list&fr_pos=city&fr_no=22,丰田 威驰 2014款 1.5L 手动智臻版,4.75
/jn/744b85ca712cbdf0x.htm#fr_page=list&fr_pos=city&fr_no=23,大众 桑塔纳 2016款 1.6L 自动风尚版,6.24
/jn/471ebe9ee3eef663x.htm#fr_page=list&fr_pos=city&fr_no=24,福特 探险者 2016款 2.3T 精英版(进口),28.31
/jn/c77d3e051220a3fcx.htm#fr_page=list&fr_pos=city&fr_no=25,本田 飞度 2016款 1.5L LXS CVT舒适天窗版,7.26
/jn/b0d00e6a4ec7feb4x.htm#fr_page=list&fr_pos=city&fr_no=26,三菱 劲炫ASX 2013款 2.0L CVT两驱精英版,6.50
/jn/d909ae327baa138bx.htm#fr_page=list&fr_pos=city&fr_no=27,猎豹CS10 2015款 2.0T 手动风尚型,4.87
/jn/9efda7d1b5f0830cx.htm#fr_page=list&fr_pos=city&fr_no=28,福特 探险者 2016款 2.3T 精英版(进口),27.24
/jn/cc4470ddb53ddcdex.htm#fr_page=list&fr_pos=city&fr_no=29,雪佛兰 迈锐宝 2016款 2.0L 自动豪华版,9.01
/jn/bfa7fe56b7912840x.htm#fr_page=list&fr_pos=city&fr_no=30,福特 福克斯 2013款 两厢经典 1.8L 自动百万纪念版,5.12
/jn/f65dcdf10ea1c600x.htm#fr_page=list&fr_pos=city&fr_no=31,别克GL8 2014款 2.4L 经典版,8.19
/jn/6f38b1e1fba66146x.htm#fr_page=list&fr_pos=city&fr_no=32,起亚K2 2017款 三厢 1.4L AT 15周年特别版GLS,6.49
/jn/84dbd66ee6a9df66x.htm#fr_page=list&fr_pos=city&fr_no=33,现代 瑞奕 2016款 1.4L 自动领先型GLX,5.40
/jn/8cbdbb5a08fd8a7ex.htm#fr_page=list&fr_pos=city&fr_no=34,本田 飞度 2014款 1.5L LX 手动舒适型,5.45
/jn/bc01cda591e408a3x.htm#fr_page=list&fr_pos=city&fr_no=35,标致308 2013款 1.6L 自动优尚型,4.19
/jn/ba09bf56c7d15563x.htm#fr_page=list&fr_pos=city&fr_no=36,本田 凌派 2015款 1.8L 自动豪华版,7.35
/jn/c752036056c39c12x.htm#fr_page=list&fr_pos=city&fr_no=37,日产 骐达 2016款 1.6L CVT酷动版,8.19
/jn/625961e21cc32cebx.htm#fr_page=list&fr_pos=city&fr_no=38,日产 轩逸 2016款 1.6XV CVT智享版,9.08
/jn/ba2180b79599b460x.htm#fr_page=list&fr_pos=city&fr_no=39,奔驰GLA级 2016款 GLA 200 动感型,18.21
/jn/01d269c4c38c40bex.htm#fr_page=list&fr_pos=city&fr_no=0,大众 速腾 2018款 280TSI DSG舒适型,11.35
/jn/945bb7aac268162dx.htm#fr_page=list&fr_pos=city&fr_no=1,福特 翼虎 2013款 2.0L GTDi 四驱运动型,9.84
/jn/98d05579cc00ac92x.htm#fr_page=list&fr_pos=city&fr_no=2,起亚K3 2015款 1.6L 自动GL,6.58
/jn/d6ee84d4bd555468x.htm#fr_page=list&fr_pos=city&fr_no=3,奥迪A8L 2016款 A8L 45 TFSI quattro舒适型(进口),46.11
/jn/44cd717cd1342adfx.htm#fr_page=list&fr_pos=city&fr_no=4,三菱 翼神 2013款 时尚版 1.8L CVT舒适型,5.40
/jn/6080dad497119171x.htm#fr_page=list&fr_pos=city&fr_no=5,宝马5系 2012款 523Li 领先型,17.21
/jn/bb077b9ee3b99494x.htm#fr_page=list&fr_pos=city&fr_no=6,海马S5 2017款 强动力版 1.6L 手动经典型,4.47
/jn/b705f5e2515f1315x.htm#fr_page=list&fr_pos=city&fr_no=7,日产 楼兰 2017款 2.5L XL 两驱智尚版,16.35
/jn/756bc9efc0f895e2x.htm#fr_page=list&fr_pos=city&fr_no=8,斯柯达Yeti 2017款 TSI280 DSG前行版,8.25
/jn/accfeecd0a17e588x.htm#fr_page=list&fr_pos=city&fr_no=9,日产 骊威 2015款 1.6XE CVT舒适版,7.17
/jn/a1208f401646fde2x.htm#fr_page=list&fr_pos=city&fr_no=10,大众 途观 2017款 300TSI 自动两驱丝绸之路风尚版,13.57
/jn/9f8722f16cbe2439x.htm#fr_page=list&fr_pos=city&fr_no=11,众泰T600 2014款 1.5T 手动精英型,3.26
/jn/319b68dec729522ex.htm#fr_page=list&fr_pos=city&fr_no=12,现代 瑞纳 2010款 三厢 1.4L 手动舒适型GS,3.26
/jn/3a3f432ad3493853x.htm#fr_page=list&fr_pos=city&fr_no=13,本田 奥德赛 2015款 改款 2.4L 豪华版,20.00
/jn/eeaf3a09a9be44eax.htm#fr_page=list&fr_pos=city&fr_no=14,别克 英朗 2018款 15T 双离合进取型 国V,6.58
/jn/66b92a64a26cc56cx.htm#fr_page=list&fr_pos=city&fr_no=15,大众 凌渡 2015款 330TSI DSG舒适版,10.70
/jn/f74f33b1675280b8x.htm#fr_page=list&fr_pos=city&fr_no=16,大众 捷达 2017款 1.5L 自动时尚型,6.33
/jn/568806748153b26ex.htm#fr_page=list&fr_pos=city&fr_no=17,奔驰C级 2018款 C 200 L 运动版,26.58
/jn/eac80859c492a0d1x.htm#fr_page=list&fr_pos=city&fr_no=18,本田CR-V 2013款 2.4L 四驱豪华版,12.60
/jn/4d16433a12106f97x.htm#fr_page=list&fr_pos=city&fr_no=19,本田CR-V 2013款 2.4L 两驱豪华版,12.84
/jn/8529e70abbe5ea84x.htm#fr_page=list&fr_pos=city&fr_no=20,马自达CX-4 2018款 2.0L 自动两驱蓝天活力版 国V,11.50
/jn/0a47c50ab2eda813x.htm#fr_page=list&fr_pos=city&fr_no=21,斯柯达 昊锐 2012款 1.4TSI 手动智雅版,4.92
/jn/4187d35c6a8138c4x.htm#fr_page=list&fr_pos=city&fr_no=22,奔驰C级 2018款 C 200 成就特别版,26.60
/jn/e2df44f120293417x.htm#fr_page=list&fr_pos=city&fr_no=23,别克 君越 2016款 20T 精英型,13.59
/jn/385eb89f49e76f34x.htm#fr_page=list&fr_pos=city&fr_no=24,凯迪拉克ATS 2014款 28T 精英型(进口),13.21
/jn/7a8cdf03d55d3321x.htm#fr_page=list&fr_pos=city&fr_no=25,日产 轩逸 2018款 经典 1.6XE+ 手动领先版,6.22
/jn/a025d9ede6fe36c2x.htm#fr_page=list&fr_pos=city&fr_no=26,东风 帅客 2013款 改款 1.5L 手动舒适型7座 国V,2.98
/jn/aec713e477f94e65x.htm#fr_page=list&fr_pos=city&fr_no=27,本田 雅阁 2016款 2.0L 舒适版,14.42
/jn/57ed1eb2c4d0cff1x.htm#fr_page=list&fr_pos=city&fr_no=28,本田CR-V 2016款 2.0L 两驱都市版,14.49
/jn/73ea83bd94ab53fcx.htm#fr_page=list&fr_pos=city&fr_no=29,奔驰C级 2010款 C 180K 经典型,7.71
/jn/74e8d30180f5122ax.htm#fr_page=list&fr_pos=city&fr_no=30,现代 朗动 2015款 1.6L 自动领先型,6.68
/jn/df67448f0d300c1ex.htm#fr_page=list&fr_pos=city&fr_no=31,起亚K2 2015款 三厢 1.4L MT GLS,3.72
/jn/dd8102d8f15e881cx.htm#fr_page=list&fr_pos=city&fr_no=32,别克 君威 2011款 2.4L SIDI舒适版,5.63
/jn/60e1425fdce02be3x.htm#fr_page=list&fr_pos=city&fr_no=33,奥迪A6L 2012款 TFSI 标准型,18.14
/jn/32fbad1d61821423x.htm#fr_page=list&fr_pos=city&fr_no=34,起亚K2 2017款 三厢 1.4L MT GLS,4.97
/jn/b208aaf62a97deebx.htm#fr_page=list&fr_pos=city&fr_no=35,现代 索纳塔八 2011款 2.0L 自动至尊版,6.14
/jn/420debcd6691948bx.htm#fr_page=list&fr_pos=city&fr_no=36,本田 思域 2016款 220TURBO CVT豪华版,11.98
/jn/b56b626d97a0642ax.htm#fr_page=list&fr_pos=city&fr_no=37,吉利GX7 2014款 1.8L 手动超值版,3.54
/jn/3c812fbfa7c1bf1cx.htm#fr_page=list&fr_pos=city&fr_no=38,标致301 2016款 1.6L 自动舒适版,4.92
/jn/b7dca3f2c733bd5ex.htm#fr_page=list&fr_pos=city&fr_no=39,奔驰C级 2017款 C 200 运动版,24.65
